nom,prenom,email,sex
Doe,John,john.doe@example.com,M
Smith,Anna,anna.smith@example.com,F
Rabe,Ando,andorabe@example.com,M
Rasoanaivo,Mirana,mirana.r@example.com,F
Rakoto,Jean,jean.rakoto@example.com,M
Randria,Lova,lova.randria@example.com,M
Ramanantsoa,Fanja,fanja.rama@example.com,F
Andrianina,Tojo,tojo.andrianina@example.com,M
Raharinirina,Sarah,sarah.rina@example.com,F
Razafindrakoto,Marc,marc.razafa@example.com,M
